avg(euro)	avg(dollar)
1.4950000196695328	8.370000123977661
